{
  "Total" : {
    "transaction" : "Total",
    "sampleCount" : 3000,
    "errorCount" : 624,
    "errorPct" : 20.8,
    "meanResTime" : 128.20366666666652,
    "medianResTime" : 1.0,
    "minResTime" : 0.0,
    "maxResTime" : 1124.0,
    "pct1ResTime" : 544.0,
    "pct2ResTime" : 738.8999999999996,
    "pct3ResTime" : 1053.0,
    "throughput" : 264.0147848279504,
    "receivedKBytesPerSec" : 629.7580242618587,
    "sentKBytesPerSec" : 0.0
  },
  "Requête TCP - Connexion" : {
    "transaction" : "Requête TCP - Connexion",
    "sampleCount" : 1000,
    "errorCount" : 403,
    "errorPct" : 40.3,
    "meanResTime" : 243.00800000000027,
    "medianResTime" : 7.5,
    "minResTime" : 0.0,
    "maxResTime" : 1124.0,
    "pct1ResTime" : 747.0999999999998,
    "pct2ResTime" : 885.8499999999998,
    "pct3ResTime" : 1067.96,
    "throughput" : 98.09691975671964,
    "receivedKBytesPerSec" : 2.720273567784971,
    "sentKBytesPerSec" : 0.0
  },
  "Requête TCP - Changement surnom 1" : {
    "transaction" : "Requête TCP - Changement surnom 1",
    "sampleCount" : 1000,
    "errorCount" : 157,
    "errorPct" : 15.7,
    "meanResTime" : 94.28600000000004,
    "medianResTime" : 1.0,
    "minResTime" : 0.0,
    "maxResTime" : 1085.0,
    "pct1ResTime" : 387.79999999999995,
    "pct2ResTime" : 594.5499999999994,
    "pct3ResTime" : 1052.0,
    "throughput" : 96.67440061871616,
    "receivedKBytesPerSec" : 298.15876806602864,
    "sentKBytesPerSec" : 0.0
  },
  "Requête TCP - Changement surnom 2" : {
    "transaction" : "Requête TCP - Changement surnom 2",
    "sampleCount" : 1000,
    "errorCount" : 64,
    "errorPct" : 6.4,
    "meanResTime" : 47.317,
    "medianResTime" : 1.0,
    "minResTime" : 0.0,
    "maxResTime" : 1070.0,
    "pct1ResTime" : 2.0,
    "pct2ResTime" : 416.74999999999966,
    "pct3ResTime" : 1052.0,
    "throughput" : 96.67440061871616,
    "receivedKBytesPerSec" : 390.95665739196636,
    "sentKBytesPerSec" : 0.0
  }
}